Author,Title,PublishedDate,Categories,Description,PageCount
Jack London,La force des forts,2022-05-26,Fiction,"La Force des forts (titre original : The Strength of the Strong) est une nouvelle américaine de Jack London publiée aux États-Unis en 1911. Devant sa caverne préhistorique, Barbe-Longue, un ancien, raconte à ses petits-fils l'histoire des conflits entre les Mangeurs-de-Poisson et les Mangeurs-de-Viande. ""Un jour, tous les imbéciles seront morts et alors, tous les vivants iront de l'avant ensemble. La force des forts leur appartiendra et ils s'uniront, si bien que de tous les hommes du monde, pas un ne se battra contre les autres""",26
Jack London,Martin Eden,2023-01-03,Fiction,"Martin Eden est un jeune marin au long cours. Sa vie est faite d'aventures, il aime la boisson, les filles, les bagarres. Jusqu'au jour où il rencontre Ruth Morse, jeune femme de la bonne bourgeoisie. Pour la séduire, il renonce à ses mauvaises habitudes, à ses mauvaises fréquentations. À force de travail, il se forge un savoir encyclopédique, et découvre qu'il a un réel talent pour l'écriture. Mais la famille de Ruth voit d'un mauvais oeil la liaison de leur fille avec Martin. Celuici se donne deux ans pour réussir, faire publier ses écrits, afin d'épouser Ruth. Martin Eden aspire à cette ascension sociale, plus dure sera la chute... Ce roman est considéré comme le meilleur et le plus autobiographique des romans de Jack London. À l'instar de son héros, Jack London se donnera la mort sept ans plus tard.",434
Jack London,Croc-Blanc,2019-01-28,Juvenile Fiction,"L'aventure de Croc Blanc, d'abord publiée en 1906, se déroule dans les déserts gelés et désolés du nord-ouest Canadien. Croc-Blanc, mi-chien mi-loup se trouve le seul survivant d'une portée de cinq chiens. Dans son monde solitaire, il a vite appris à suivre la féroce loi du nord sauvage et froid - manger ou être mangé. Mais rien dans sa jeune vie ne l'a préparé à la cruauté du tyran Beauty Smith, qui achète Croc-Blanc à son maître indien et le transforme en bête de combat pour gagner de l'argent grâce aux paris. Une grande partie du roman est écrite du point de vue de Croc-Blanc",170
Jack London,Le Peuple de l'abîme,2023-01-25,Literary Collections,"Durant l'été 1902, Jack London va descendre dans les bas fonds de Londres (l'EastEnd). Se fondant dans la population, il va côtoyer les sans logis et les travailleurs pauvres. Au travers de son récit, nous allons découvrir toute l'horreur de la misère, les bastons, l'alcoolisme, le froid, les passages à tabac, l'errance. L'évocation est brutale, terrible à bien des égards et visionnaire en ce qu'il perçoit déjà comment ceci va se terminer. London raconte l'exclusion cent ans avant les historiens. C'est un travail d'enquête qui ferait rougir tous les journalistes bien pensants d'aujourd'hui.",268
Jack London,Construire un feu,2022-12-11,Fiction,"Résumé de la nouvelle qui donne son titre à ce recueil: En hiver, par une journée sans nuage, un homme marche dans la neige, seulement accompagné d'un chien. Ce soir, il retrouvera ses compagnons qui empruntent un autre itinéraire. C'est son premier hiver au Klondike et aujourd'hui il est surpris par l'intensité du froid. Il sait que la rivière est complètement gelée même si elle peut cacher des pièges mortels. Lorsqu'il s'arrête pour déjeuner, le froid l'oblige à construire un feu. Quand il reprend sa route, le chien semble hésiter à abandonner la chaleur du foyer créé par l'homme. Soudain la glace casse sous ses pas. Seuls ses pieds sont mouillés, mais l'homme sait qu'il doit immédiatement agir pour les sauver du froid. Méthodiquement, il construit un second feu et commence à se réchauffer, fier de s'être sauvé tout seul. Malheureusement, par inexpérience, il s'est installé sous un arbre couvert de neige qui dégringole soudain et éteint son feu. À cet instant, l'homme comprend le conseil des anciens: «Au delà de cinquante degrés sous zéro, on ne doit point voyager seul.». Désespérément, l'homme essaie de reconstruire un feu mais ses doigts, ses mains, ses pieds sont déjà gelés...",244
Jack London,Jack London. L'Appel de la forêt...,1900-01-01,Uncategorized,No Description Available,203
Jack London,Le Cabaret de la dernière chance,2022-11-22,Fiction,"«John Barleycorn», paru en France sous le titre «Le Cabaret de la dernière chance», est une autobiographie romancée. Ces souvenirs alcooliques étaient destinés à appuyer les partisans de la prohibition. A la parution en feuilleton dans le Saturday Evening Post, tous les antialcooliques s'en servent comme d'un étendard. Ni autobiographie, ni mémoires, ni récit, mais tout à la fois, le narrateur nous conte comment, tout au long de sa vie, une sorte de double l’accompagna en permanence: John Barleycorn, qui ,en Amérique, est la personnification de l’alcool. Pourquoi boiton, comment, dans quelles circonstances. Faits et geste du whisky, méfaits et geste de l’alcoolique. «Dehors, nous brisions les goulots contre la bordure des trottoirs, et nous buvions.» Comment faire pour arrêter. Estil possible de seulement y penser? «Tous les chemins que je suivais étaient détrempés d’alcool.»",238
Jack London,Le Loup des mers,2023-03-08,Fiction,"À la suite d'un naufrage, l'auteur est repêché par une goélette armée pour la chasse aux phoques, où sévit un capitaine cynique, d'une brutalité sauvage. Il restera «indomptable et sceptique jusqu'au bout», semant la terreur dans son équipage et son entourage. Récit d'un combat, philosophique et psychologique, entre la vie et la mort.",360
Jack London,Construire un feu,2017-01-04,Fiction,"Huit nouvelles de froid, de suspens, d'amour, de folie. Huit nouvelles où London nous conte les aventures d'héros ordinaires qui luttent contre des éléments extraordinaires. Nous sommes dans le Yukon et l'hiver est rude. Le gel mord la chair, affamé, ou sont-ce les chiens de traîneaux qui s'abattet en meute contre leur maître... ?",4
Jack London,Martin Eden. D'après le roman de Jack London,1900-01-01,Fiction,"Martin Eden est le roman le plus autobiographique de Jack London et l’un des livres majeurs de la littérature du XXe siècle. Martin Eden est un jeune marin né dans les bas-fonds d’Oakland. Un soir, il défend un jeune homme lors d’une rixe. Celui-ci, fils d’une famille aisée, l’invite chez lui à dîner pour le remercier. À cette occasion, Martin rencontre sa soeur, Ruth Morse, jeune fille délicate, dont il tombe éperdument amoureux. Il décide de s’instruire pour la conquérir. Petit à petit, d’abord pour lui plaire, puis avec le goût d’apprendre toujours davantage, il devient un homme cultivé et s’efforce de devenir célèbre en devenant écrivain. Malgré le talent qu’il pense avoir, il n’arrive pas à vivre de sa plume. Tous ses manuscrits sont refusés par l’Édition. À la suite de la parution d’un article dans un journal local dans lequel il est présenté comme socialiste, ce qu’il n’est pas, Ruth le quitte. Il n’a plus le goût d’écrire, mais brusquement il devient un auteur à succès. Martin Eden part pour s’établir sur une île du Pacifique. Sur le bateau, n’ayant plus le goût à rien, usé par l’hypocrisie ambiante, il se laisse glisser sur la mer. Aude Samama, talentueuse illustratrice, travaille sa peinture jusqu’à l’épure, avec pour inspiration l’expressionnisme allemand, en résonance avec le récit délicat de Denis Lapière sur la fragilité et la complexité des êtres.",178
Romain Gary,La promesse de l'aube,1900-01-01,Fiction,"""– Tu seras un héros, tu seras général, Gabriele D'Annunzio, Ambassadeur de France – tous ces voyous ne savent pas qui tu es ! Je crois que jamais un fils n'a haï sa mère autant que moi, à ce moment-là. Mais, alors que j'essayais de lui expliquer dans un murmure rageur qu'elle me compromettait irrémédiablement aux yeux de l'Armée de l'Air, et que je faisais un nouvel effort pour la pousser derrière le taxi, son visage prit une expression désemparée, ses lèvres se mirent à trembler, et j'entendis une fois de plus la formule intolérable, devenue depuis longtemps classique dans nos rapports : – Alors, tu as honte de ta vieille mère ?""",293
Romain Gary,Le sens de ma vie,1900-01-01,Fiction,"""Je pense ne plus avoir assez de vie devant moi pour écrire une autre autobiographie."" Ces paroles, dans cet entretien accordé par Romain Gary à Radio-Canada, serrent le coeur. Peu de mois après l’enregistrement, il mettait fin à ses jours, le 2 décembre 1980. Si l’on retrouve, dans la présente transcription de cet entretien, bien des confidences, des anec­dotes, des opinions déjà lues dans La Promesse de l’aube et La nuit sera calme, il faut le considérer comme le dernier état de son autobiographie, ou tout au moins de ce qu’il a bien voulu dévoiler de l’ambition, des espoirs, des succès et des humi­liations qui ont fait sa vie. Roger Grenier",54
Romain Gary,Vie et mort d'Émile Ajar,1900-01-01,Biography & Autobiography,"J'écris ces lignes à un moment où le monde, tel qu'il tourne en ce dernier quart de siècle, pose à un écrivain, avec de plus en plus d'évidence, une question mortelle pour toutes les formes d'expression artistique : celle de la futilité. De ce que la littérature se crut et se voulut être pendant si longtemps - une contribution à l'épanouissement de l'homme et à son progrès - il ne reste même plus l'illusion lyrique. J'ai donc pleinement conscience que ces pages paraîtront sans doute dérisoires au moment de leur publication, car, que je le veuille ou non, puisque je m'explique ici devant la postérité, je présume forcément que celle-ci accordera encore quelque importance à mes œuvres et, parmi celles-ci, aux quatre romans que j'ai écrits sous le pseudonyme d'Émile Ajar. Romain Gary.",24
Romain Gary,Pseudo,1900-01-01,Fiction,"3Après avoir signé plusieurs centaines de fois, si bien que la moquette de ma piaule était recouverte de feuilles blanches avec mon pseudo qui rampait partout, je fus pris d’une peur atroce : la signature devenait de plus en plus ferme, de plus en plus elle-même, pareille, identique, telle quelle, de plus en plus fixe. Il était là. Quelqu'un, une identité, un piège à vie, une présence d’absence, une infirmité, une difformité, une mutilation, qui prenait possession, qui devenait moi. Émile Ajar. Je m’étais incarné."" Romain Gary",158
Romain Gary,L'abécédaire de Romain Gary,1900-01-01,Uncategorized,No Description Available,250
Romain Gary,Chien blanc,1900-01-01,Fiction,"""C'était un chien gris avec une verrue comme un grain de beauté sur le côté droit du museau et du poil roussi autour de la truffe qui le faisait ressembler au fumeur invétéré sur l'enseigne du Chien-qui-fume, un bar-tabac à Nice, non loin du lycée de mon enfance. Il m'observait, la tête légèrement penchée de côté, d'un regard intense et fixe, ce regard des chiens de fourrière qui vous guettent au passage avec un espoir angoissé et insupportable. Il entra dans mon existence le 17 février 1968 à Beverly Hills, où je venais de rejoindre ma femme Jean Seberg, pendant le tournage d'un film.""",185
Romain Gary,Lady L.,1900-01-01,Fiction,"""Elle courut vers le coffre-fort, tourna la clef dans la serrure et tira la lourde porte bordée de cuivre... Elle regarda à l'intérieur, poussa un soupir de soulagement : il y avait juste assez de place, juste assez... - Cache-toi là, vite ! Je vais les éloigner... Mais dépêche-toi donc, voyons ! Il obéit sans se presser, sans doute par souci du style, tenant toujours la rose dans une main et le pistolet dans l'autre. Elle saisit la sacoche avec les bijoux et la jeta à ses pieds... Elle lui fit un petit signe de la main, referma doucement la porte et tourna trois fois la clef dans la serrure.""",160
Romain Gary,La nuit sera calme,1900-01-01,Biography & Autobiography,Entretiens avec François Bondy,220
Romain Gary,Clair de femme,1900-01-01,Fiction,"Ce roman est un chant d'amour à cette ""troisième dimension"" de l'homme et de la femme : le couple. L'union de Yannick et Michel est rompue par un destin inéluctable. Mais un désespoir d'amour qui désespérerait de l'amour est pour eux une contradiction qu'ils ne peuvent admettre. Il faut donc triompher de la mort. Yannick dit à Michel : ""Je vais disparaître, mais je veux rester femme. Je te serai une autre. Va vers elle. Va à la rencontre d'une autre patrie féminine. La plus cruelle façon de m'oublier, ce serait de ne plus aimer."" Et c'est ainsi qu'apparaît Lydia et que se reformera, dans une célébration passionnée, au-delà de l'éphémère, la patrie du couple, où ""tout ce qui est féminin est homme, tout ce qui est masculin est femme"".",100
Romain Gary,Au-delà de cette limite votre ticket n'est plus valable,1900-01-01,Fiction,"Jacques Rainier, cinquante-neuf ans, industriel, est aux prises avec des difficultés en affaires au moment où sa liaison avec une jeune Brésilienne le rend très heureux. À la suite des confidences angoissées d'un ami obsédé par le mythe de la virilité, la peur du déclin sexuel s'insinue en lui, l'envahit, le détruit, ne le quitte plus. En osant s'attaquer à un sujet tabou, Gary a soulevé un débat passionné, qui a connu un grand retentissement. Mais son livre cru et dur, dominé par un humour amer, reste aussi un roman d'amour plein de tendresse.",169
Fyodor Dostoevsky,Crime et Châtiment,2015-06-08,Uncategorized,"""Crime et Châtiment"" de Fédor Dostoïevski. Ecrivain russe (1821-1881).",418
Fyodor Dostoevsky,Crime Et Chatiment,2016-05-07,Uncategorized,"Crime et Châtiment est un roman de l'écrivain russe Fiodor Dostoïevski publié en 1866. Il paraît d'abord en feuilleton dans Le Messager russe.Cette oeuvre est une des plus connues du romancier russe et exprime les vues religieuses et existentialistes de Dostoïevski, en insistant sur le thème du salut par la souffrance. Le roman dépeint l'assassinat d'une vieille prêteuse sur gage et de sa soeur cadette par Raskolnikov, un ancien étudiant de Saint-Pétersbourg, et ses conséquences émotionnelles, mentales et physiques sur le meurtrier.",596
Fyodor Dostoevsky,Le Joueur,2016-04-17,Uncategorized,Le joueur,138
Fyodor Dostoevsky,Crime Et Chtiment,2016-08-10,Uncategorized,"Crime et Châtiment est un roman de l'écrivain russe Fiodor Dostoïevski publié en feuilleton en 1866 et en édition séparée en 1867. Le roman dépeint l'assassinat d'une vieille prêteuse sur gage et de sa soeur par un étudiant de Saint-Pétersbourg, et ses conséquences émotionnelles, mentales et physiques sur le meurtrier. Cette oeuvre est l'une des plus connues du romancier. L'idée de traiter certains thèmes de ce qui deviendra Crime et Châtiment remonte à la période où Dostoïevski était au bagne 1850-1854, en particulier la découverte de certains traits psychologiques particuliers des bagnards.",596
Fyodor Dostoevsky,The Idiot,1900-01-01,Historical fiction,"Revealing Dostoevsky's acute artistic sense and penetrating psychological insight, this new translation is meticulously faithful to the original.",692
Fyodor Dostoevsky,The Idiot,1900-01-01,Uncategorized,"The Idiot is a novel by the 19th-century Russian author Fyodor Dostoyevsky. It was first published serially in the journal The Russian Messenger in 1868-9.The title is an ironic reference to the central character of the novel, Prince (Knyaz) Lyov Nikolaevich Myshkin, a young man whose goodness and open-hearted simplicity lead many of the more worldly characters he encounters to mistakenly assume that he lacks intelligence and insight. In the character of Prince Myshkin, Dostoevsky set himself the task of depicting ""the positively good and beautiful man"".The novel examines the consequences of placing such a unique individual at the centre of the conflicts, desires, passions and egoism of worldly society, both for the man himself and for those with whom he becomes involved. The result, according to philosopher A.C. Grayling, is ""one of the most excoriating, compelling and remarkable books ever written; and without question one of the greatest.""",508
Fyodor Dostoevsky,Le Joueur,2015-01-15,Uncategorized,"""Le Joueur"" par Fédor Mikhaïlovitch Dostoïevski.Fédor Mikhaïlovitch Dostoïevski était un écrivain russe (1821-1881).",120
Fyodor Dostoevsky,Journal Dun Ecrivain - 1876,2015-01-15,Fiction,"""Journal d'un écrivain - 1876"" par Fédor Mikhaïlovitch Dostoïevski.Fédor Mikhaïlovitch Dostoïevski était un écrivain russe (1821-1881).",186
Fyodor Dostoevsky,Carnet D'Un Inconnu,2015-01-15,Uncategorized,"""Carnet d'un inconnu"" par Fédor Mikhaïlovitch Dostoïevski.Fédor Mikhaïlovitch Dostoïevski était un écrivain russe (1821-1881).",168
Fyodor Dostoevsky,La Logeuse,2016-08-19,Uncategorized,"La logeuse a été écrit en l'an 1847 par Fyodor Mikhailovich Dostoyevsky. Ce livre est l'un des romans les plus populaires de Fiodor Mikhaïlovitch Dostoïevski, et a été traduit en plusieurs langues dans le monde entier. Ce livre est publié par Booklassic qui apporte la littérature classique jeunes lecteurs à l'échelle mondiale.",80
Stefan Zweig,Cosmopolite de Stefan Zweig - Inédit,2024-10-04,Literary Collections,"Inédit avec un texte pour l'édition française de Denis Charbit : Le sionisme de Stefan Zweig. Cosmopolite regroupe 120 lettres de Stefan Zweig, pour la plupart inédites, adressées notamment à Albert Einstein, Anton Kippenberg, Max Brod, Sigmund Freud et Romain Rolland. Stefan Zweig s’y confie ouvertement sur ce que signifie sa judéité : il s’empare de la question de l’altérité, qui fonde le judaïsme, il la sort de son contexte religieux et ne fait donc pas de la nationalité, de la foi, de la culture une identité ; au centre de l’existence, il place la vie, qui est le précepte juif le plus important. C’est pour cette raison que Stefan Zweig ne partage pas les idées portées par le projet sioniste de Theodor Herzl, son maître, et Martin Buber, ce qui ne l’empêche pas de continuer à dialoguer avec eux et de manifester son engagement envers la diaspora et les Juifs victimes de l’antisémitisme. On découvre ainsi un homme profondément engagé, lui à qui on a tant reproché sa neutralité. Cosmopolite est un livre bouleversant. Stefan Zweig y affronte directement, toujours dans le respect de l’autre, l’une des époques les plus sombres de l’Histoire. Ces réflexions - d’une actualité cruciale - accompagnent le cheminement douloureux d’un homme qui finira par choisir l’exil et la mort, ayant compris et mesuré à temps l’enfer annoncé par le régime nazi.",283
Stefan Zweig,Le Monde d'hier,2012-04-12,Fiction,"Rédigé en 1941, alors que, émigré au Brésil, Stefan Zweig avait déjà décidé de mettre fin à ses jours, Le Monde d'hier est l'un des plus grands livres-témoignages de notre époque. Zweig y retrace l'évolution de l'Europe de 1895 à 1941, le destin d'une génération entière d'hommes confrontés plus brutalement que d'autres à l'Histoire et à toutes les "" catastrophes imaginables "". Chroniqueur de l'Âge d'or européen, Zweig évoque avec bonheur sa vie de bourgeois privilégié dans la Vienne d'avant 1914 et quelques grandes figures qui furent ses amis : Schnitzler, Rilke, Romain Rolland, Freud ou Valéry. Mais il donne aussi à voir la montée du nationalisme, le formidable bouleversement des idées qui suit la Première Guerre Mondiale, puis l'arrivée au pouvoir d'Hitler, l'horreur de l'antisémitisme d'État et, pour finir, le "" suicide de l'Europe "". "" J'ai été témoin de la plus effroyable défaite de la raison "", écrit-il. Analyste de l'échec d'une civilisation, Zweig s'accuse et accuse ses contemporains. Mais, avec le recul du temps, la lucidité de son testament intellectuel frappe le lecteur d'aujourd'hui, de même que l'actualité de sa dénonciation des nationalismes et de son plaidoyer pour l'Europe, que la nouvelle traduction de Serge Niémetz restitue dans toute sa vigueur.",153
Stefan Zweig,Cicéron,1900-01-01,Fiction,"Écrit en 1939, à l’aube de la Seconde Guerre mondiale, Cicéron occupe une place très importante dans l’œuvre de Stefan Zweig. Dans ce récit, resté inédit en allemand et en français durant plusieurs décennies, l’écrivain autrichien évoque les combats, en vain, du célèbre auteur romain durant les dernières années de sa vie pour sauver la République face à l’avènement de la dictature. Au croisement de la nouvelle et de la biographie, se dessine en filigrane l’histoire de Zweig. Sous sa plume, Cicéron devient le symbole universel de la lutte de l’humanisme contre la dictature, et des multiples formes de résistance que l’homme de lettres – par l’esprit, la parole et la plume – peut opposer à la violence du pouvoir.",51
Stefan Zweig,Georges Duhamel - Stefan Zweig,1900-01-01,"Authors, Austrian",No Description Available,240
Stefan Zweig,24h de la vie d'une femme suivi de Le Voyage dans le passé,2014-04-03,Fiction,"Mrs C. se souvient : cette année-là, elle s'ennuyait sur la Côte d'Azur. Au Casino de Monte Carlo, en face d'elle, un jeune homme étrange jouait et perdait comme on se noie, comme on se suicide. Elle avait les moyens de le sauver. Elle le suivit dans un hôtel, pour connaître avec lui quelques heures de passion et de folie. Aujourd'hui, le temps a finalement mal cicatrisé cette journée particulière, la plus imprévisible et inoubliable de toute sa vie... Ce texte est suivi de Le voyage dans le passé, une nouvelle retrouvée en intégralité après la mort de Stefan Zweig et publiée en France pour la première fois en 2008. L'amour peut-il résister à une longue séparation, à des trahisons, à l'usure des années ? On y retrouve toute la profondeur de l'auteur et son génie du suspense psychologique. Nouvelle traduction de l'allemand par Pierre Malherbet",111
Stefan Zweig,Seuls les vivants créent le monde,2018-09-13,Fiction,"Publiés "" à chaud "" entre août 1914 et août 1918, les textes réunis ici – articles, manifestes et reportages inédits en français sur sa propre expérience des combats et sur le bouleversement de l'Europe – montrent l'évolution de Stefan Zweig à un moment clé de l'histoire et de sa vie. On y découvre que ses positions pendant la Grande Guerre sont mouvantes, complexes, sinon contradictoires : elles ont changé l'homme et transformé l'artiste, lui donnant une épaisseur qu'il n'avait pas. Zweig, qui revendiquait une pensée humaniste, semble abdiquer, confronté à la réalité de la guerre. Dans un premier temps, il est, comme bien d'autres, emporté par le déferlement des passions et par un élan patriotique quasi mystique. Puis il rejoint peu à peu les idées pacifi stes de son ami Romain Rolland, notamment après son voyage en Galicie de juillet 1915 durant lequel il constate les horreurs "" réelles "" du conflit. À partir de 1917, Zweig prend peu à peu le rôle d'un "" guide spirituel "" pour l'Europe, en signant de nouveaux textes, dont un saisissant "" Éloge du défaitisme "", où il cherche à résister au "" bourrage de crâne "" qui s'exerce sans relâche sur les consciences individuelles. Un siècle après, cet appel à la résurrection de l'esprit retentit avec plus de force que jamais.",114
Stefan Zweig,La Confusion des sentiments,2023-01-11,Fiction,"Un professeur de philologie, reçoit à l'occasion de ses 60 ans, de la part de ses collègues, un livre retraçant sa biographie. Mais à la lecture, il remarque qu'il y manque une chose primordiale pour lui, c'est la profonde influence qu'a exercée à son adolescence un de ses professeur. Nous voyons, avec tout le talent de Zweig, ces souvenirs qui remontent et c'est même avec un certain suspens que l'on entrevoit la personnalité de cet homme, que l'on découvre toute la connivence qu'il y a pu avoir dans leurs rapports, pour enfin connaître le secret tragique, si il en est, de son existence.",97
Stefan Zweig,Vingt Quatre Heures De La Vie D' Une Femme,2014-10-23,Literary Collections,"Au début de 1942, la radio de Paris nous annonçait que « l'écrivain juif Stefan Zweig venait de se donner la mort au Brésil » – nouvelle reproduite le lendemain en trois lignes par les journaux nazis de la capitale. Et ce fut ensuite le silence complet sur ce grand et noble écrivain qui avait acquis en France une renommée égale à celle de nos meilleurs auteurs.*Stefan Zweig était né à Vienne, où il fit ses études, le 28 novembre 1881. À vingt-trois ans, il était reçu docteur en philosophie et obtenait le prix de poésie Bauernfeld, une des plus hautes distinctions littéraires de son pays. Il avait alors publié une plaquette de vers et une traduction des meilleures poésies de Verlaine, écrit des nouvelles et une pièce de théâtre.",84
Stefan Zweig,La Peur,2018-03-22,Fiction,""" La lutte passionnelle d'une femme pour sa liberté sur un mode de quasi-thriller psychologique. "" Jörg Stickan Par envie de se divertir, Irene Wagner, épouse d'un riche avocat, entretient une liaison avec un musicien, jusqu'au jour où, en sortant de chez son amant, elle est bousculée par une femme qui la reconnaît. Dès lors, Irene vit dans la peur. Victime d'un odieux chantage, elle paie des sommes de plus en plus folles, sans savoir comment expliquer ces dépenses inconsidérées à son mari, et perd tout ce qui fait son existence. Par souci à la fois de modernisation et de fidélité à la version originale, la collection "" Pavillons Poche "" publie ce chef-d'oeuvre de Stefan Zweig dans une traduction inédite en poche.",77
Stefan Zweig,La Pitié dangereuse,2022-12-26,Fiction,"En 1913, dans une petite ville de garnison autrichienne, Anton Hofmiller, jeune officier de cavalerie, est invité dans le château du riche Kekesfalva. Au cours de la soirée, il invite la fille de son hôte, Édithde de Kekesfalva, à danser, ignorant qu'elle est paralysée. Désireux de réparer sa maladresse et pris de pitié, Anton multiplie bientôt ses visites. Edith cache de plus en plus mal l'amour que lui inspire le bel officier, qui lui ne s'aperçoit de rien...",398
Joseph Kessel,Le Lion de Joseph Kessel (fiche de lecture et analyse complète de l'oeuvre),2019-04-17,Uncategorized,"Venez découvrir Le Lion de Joseph Kessel grâce à une analyse littéraire de référence ! Écrite par un spécialiste universitaire, cette fiche de lecture est recommandée par de nombreux enseignants. Cet ouvrage contient la biographie de l'écrivain, le résumé détaillé, le mouvement littéraire, le contexte de publication de l'oeuvre et l'analyse complète. Retrouvez tous nos titres sur: www.fichedelecture.fr.",56
Joseph Kessel,Les temps sauvages,1900-01-01,Biography & Autobiography,"En octobre 1918, on demande des aviateurs volontaires pour la Sibérie. Joseph Kessel, sous-lieutenant de vingt ans, s'embarque à Brest. Vladivostok est une ville soumise à la loi de la jungle. Une ancienne caserne enferme six mille prostituées. À bord de leur train de luxe, l'ataman Semenof et ses cosaques font régner la terreur. Une nuit, au cabaret L'Aquarium, Kessel rencontre Léna, unn chanteuse mince, triste, qui murmure : 'Aime-moi noire...' Ainsi commence une étrange et poignante histoire d'amour, à la mesure de cette fin du monde.",110
Joseph Kessel,Reportages en Israël,1900-01-01,Travel,"Le 14 mai 1948 signe la création officielle d’Israël. De Jérusalem à Tel-Aviv, l’Histoire s’écrit au fil des heures. Et pour couvrir l’événement, premier sur place, l’impétueux Joseph Kessel, qui obtient – cela ne s’invente pas – le visa numéro un du nouvel État. Pendant un mois, l’écrivain et reporter sillonne un pays qu’il a découvert plus de vingt ans plus tôt. Dès 1926, il était tombé amoureux de cette terre où de nouveaux colons juifs arrivaient chaque jour de tous horizons pour tracer leur destin commun, indifférents aux obstacles. Kessel sera là, encore, en 1961, au « temps des juges », pour le procès Eichmann. Il sera là, toujours, à l’aube des années 1970, pour décrire Israël à vingt ans, meurtri par tant de conflits et pourtant debout, inébranlable. Ignorant presque tout du judaïsme de ses pères, étranger à toute forme de croyance, Kessel aura vibré jusqu’au bout pour cette terre, à qui il rend un hommage empli d’admiration et de tendresse, dans ces reportages consacrés aux « fils de l’impossible ».",352
Joseph Kessel,Le lion de Joseph Kessel,1900-01-01,Uncategorized,No Description Available,79
Joseph Kessel,Le lion,1900-01-01,Juvenile Fiction,De nouvelle éditions pour rendre clairs et accessibles les grands textes du passé. Et un Carnet de lecture pour connaître l'auteur et mieux comprendre son oeuvre. Titre recommandé par le ministère de l'Éducation nationale en classe de 5e.,235
Joseph Kessel,L'équipage,1900-01-01,Fiction,Nouvelle édition revue et corrigée,165
Joseph Kessel,Le Lion,1900-01-01,Comics & Graphic Novels,D'après le roman de Joseph Kessel,258
Joseph Kessel,Les mains du miracle,1900-01-01,Fiction,"À la veille de la Seconde Guerre mondiale, Felix Kersten est spécialisé dans les massages thérapeutiques. Parmi sa clientèle huppée figurent les grands d'Europe. Pris entre les principes qui constituent les fondements de sa profession et ses convictions, le docteur Kersten consent à examiner Himmler, le puissant chef de la Gestapo. Affligé d'intolérables douleurs d'estomac, celui-ci en fait bientôt son médecin personnel. C'est le début d'une étonnante lutte, Felix Kersten utilisant la confiance du fanatique bourreau pour arracher des milliers de victimes à l'enfer. Joseph Kessel nous raconte l'incroyable histoire du docteur Kersten et lève le voile sur un épisode méconnu du XXe siècle.",251
Joseph Kessel,Des hommes,1900-01-01,Uncategorized,No Description Available,0
Joseph Kessel,"Kessel, Moral",1900-01-01,Spain,"Octobre 1938. Depuis le coup d'Etat militaire de juillet 1936, vingt-neuf mois plus tôt, l'Espagne est déchirée par une impitoyable guerre civile. Le monde entier a les yeux fixés sur l'affrontement entre les défenseurs de la République et les partisans du général Franco. Pierre Lazareff, le patron du grand quotidien Paris-Soir envoie en Espagne républicaine l'écrivain Joseph Kessel et le photographe Jean Moral. Les deux reporters vont rapporter de ce périple d'une quinzaine de jours - en bateau, en camion et en avion - dix reportages et deux cent cinquante clichés. Rarement l'écriture et l'image se seront ainsi alliées dans la vision commune d'un événement : une même approche humaniste, une même sympathie pour un peuple pris au piège de la guerre. A Barcelone, à Valence, à Madrid, Kessel et Moral captent la détresse et l'honneur des petites gens, l'insouciance joueuse des enfants, le rude courage des soldats espagnols et des volontaires internationaux, l'angoisse terrifiante des familles séparées.Sous la Cité universitaire court une ligne de front souterraine ; dans les théâtres bondés, on lance des cigarettes aux artistes ; les restaurants des palaces servent des lentilles frelatées ; les monuments sont méconnaissables sous leur gangue de briques... Et partout, à chaque instant, les bombes, les obus menacent. Marqué par cette expérience, Kessel retourne à Madrid en février 1939, pour assister aux dernières semaines de la République agonisante. Il en revient avec quatre reportages. Cette fois-ci, l'espoir est mort, et ces textes annoncent l'exil républicain et la vengeance franquiste. Ces reportages et ces clichés, nous les publions ici dans leur version originale parue dans ""Paris-Soir"", avec un texte inédit de Kessel, longue et clairvoyante réflexion sur la guerre d'Espagne.",204
Victor Hugo,Œuvres complètes de Victor Hugo,1900-01-01,"Authors, French",No Description Available,472
Victor Hugo,Victor Hugo,1900-01-01,Uncategorized,No Description Available,100
Victor Hugo,Œuvres complètes de Victor Hugo: Poésie I-XIV,1900-01-01,Uncategorized,No Description Available,532
Victor Hugo,Œuvres complètes de Victor Hugo: La légende des siècles,1900-01-01,Uncategorized,No Description Available,364
Victor Hugo,Œuvres de Victor Hugo ...,1900-01-01,Uncategorized,No Description Available,722
Victor Hugo,Oeuvres complètes de Victor Hugo,1900-01-01,Uncategorized,No Description Available,382
Victor Hugo,Oeuvres complètes de Victor Hugo,1900-01-01,Uncategorized,No Description Available,432
Victor Hugo,"Victor Hugo raconté par un témoin de sa vie avec œuvres inédites de Victor Hugo, entre autres un drame en trois actes",1900-01-01,Uncategorized,No Description Available,382
Victor Hugo,"Victor Hugo raconté par un témoin de sa vie avec oeuvres inédites de Victor Hugo, entre autres un drame en trois actes",1900-01-01,Uncategorized,No Description Available,428
Victor Hugo,Notre-Dame de Paris,2018-04-02,Uncategorized,"Ce livre est une oeuvre unique il débute par une biographie détaillée et illustrée de Victor HUGO .Il s'accompagne d'une de ses oeuvres : ""NOTRE-DAME DE PARIS"" .AUTEUR : Victor Hugo est un poète, dramaturge, prosateur et dessinateur romantique français, né à Besançon le 26 février 1802 (le 7 ventôse an X selon le calendrier républicain encore en vigueur) et mort le 22 mai 1885 à Paris. Il est considéré comme l'un des plus importants écrivains de langue française. Il est aussi une personnalité politique et un intellectuel engagé qui a joué un rôle majeur dans l'histoire du XIXe siècle.RÉSUMÉ : L'intrigue se déroule à Paris en 1482. Les deux premiers livres (I et II) du roman suivent Pierre Gringoire, poète sans le sou. Gringoire est l'auteur d'un mystère qui doit être représenté le 6 janvier 1482 au Palais de justice en l'honneur d'une ambassade flamande. Malheureusement, l'attention de la foule est vite distraite, d'abord par le mendiant Clopin Trouillefou, puis par les ambassadeurs eux-mêmes, et enfin par l'organisation improvisée d'une élection du Pape des fous à l'occasion de la Fête des Fous qui a lieu ce jour-là. Le sonneur de cloches de Notre-Dame, Quasimodo, est élu Pape des Fous en raison de sa laideur. Le mystère finit par s'arrêter, faute de public. Gringoire, à cette occasion, entend parler d'Esmeralda, une danseuse bohémienne qui passe pour égyptienne.",451
Jules Verne,Récits retrouvés,2022-10-06,Comics & Graphic Novels,"Des textes oubliés de Jules Verne illustrés par Tardi ! Nantes. Un prédicateur de retour de Terre sainte choisit une vieille église depuis longtemps abandonnée pour y prêcher. Alors que la foule prend place, on entend soudain, provenant du clocher, des cris d'épouvante. C'est la catastrophe : la cloche gigantesque qui s'est détachée s'abat sur les paroissiens. Jules Deguay, un jeune avocat présent sur les lieux, soupçonnant un complot, décide de mener l'enquête. Dans la plus pure tradition du roman gothique, Un prêtre en 1839 est le premier roman, inachevé, de Jules Verne. Foisonnant de péripéties, on y retrouve déjà le goût de l'auteur pour le mystère et l'aventure, goût qui s'affirmera avec 20 000 lieues sous les mers ou Voyage au centre de la Terre. Outre ce récit, on voit également un ensemble de nouvelles tout aussi enlevées et jubilatoires, mettant en scène Pierre-Jean, le bagnard au grand cœur, San Carlos, le contrebandier espagnol, ou encore l'inénarrable marquis Anselme des Tilleuls. On découvre enfin l'ébauche du dernier roman de Jules Verne, Le Voyage d'études, dont l'action se situe en Afrique centrale, interrompu par sa mort le 24 mars 1905. Le tout, magnifiquement illustré par plus de cinquante dessins originaux de Tardi. Avis aux amateurs !",506
Jules Verne,Jules Verne,1900-01-01,"Authors, French",Biographie de l'écrivain français Jules Verne.,394
Jules Verne,"VERNE, Jules Le Rayon-Vert",2015-12-02,Uncategorized,"Le Rayon vert est un roman sentimental de Jules Verne, publié en 1882. Le récit est inspiré du phénomène optique éponyme :Date de publication originale : 1882. Version audio disponible chez: Musiclittéartmuse.com Donneuse de voix : Christine Sétrin | Durée : 6h 59min | Genre : Romans. (Licence Creative Commons attribution)",332
Jules Verne,Jules Verne L’Île mystérieuse,2017-12-25,Uncategorized,Jules Hetzel et Cie - 1874 PREMIÈRE PARTIE LES NAUFRAGÉS DE L'AIR ―― CHAPITRE I PREMIÈRE PARTIE LES NAUFRAGÉS DE L’AIR CHAPITRE I 2 L’ouragan de 1865. — Cris dans les airs. — Un ballon emporté dans une trombe. — L’enveloppe déchirée. — Rien que la mer en vue. — Cinq passagers. — Ce qui se passe dans la nacelle. — Une côte à l’horizon. — Le dénouement du drame.,499
Jules Verne,"VERNE, Jules – Sans Dessus Dessous",2016-01-30,Uncategorized,"L’homme peut-il réellement changer à son gré le climat de la planète ? Pour répondre à cette question Jules Verne avait consulté un polytechnicien de ses amis, Albert Badoureau, qui lui fit tous les calculs nécessaires pour un nouveau roman vaudevillesque, au titre renversant de Sans dessus dessous. Le mathématicien Badoureau s’y retrouvera sous les traits d’Alcide Pierdeux (πR2), en compagnie du célèbre trio du Gun Club : Barbicane, Nicholl et Maston, farouchement déterminés à mener à bien leur entreprise abracadabrante. En dépit de son caractère léger, Sans dessus dessous est l’ouvrage où Verne exprime le plus clairement ses désillusions et ses critiques, face à un siècle scientiste, prêt à sacrifier le monde et l’humanité, dans sa quête folle du pouvoir et du profit. Qu’aurait dit l’auteur aujourd’hui ?",357
Jules Verne,Jules Verne,1900-01-01,History,"Un jeune Nantais de onze ans s’échappe de la maison paternelle pour s’engager comme mousse à bord du trois-mâts Coralie. Rattrapé à temps, et sévèrement grondé, il jure à sa mère « de ne plus jamais voyager qu’en rêve »... Ce jeune garçon, c’est Jules Verne. Et cette anecdote est prémonitoire. Car si l’écrivain a tout de même beaucoup navigué à bord de son yacht, le Saint-Michel, ses Voyages extraordinaires sont le fruit de sa prodigieuse imagination. Etonnant personnage que ce Jules Verne ! Après une jeunesse nantaise, le voilà à Paris, où il cherche à se faire un nom comme auteur de comédies et de vaudevilles. Puis soudain sa voie change, et il va publier une succession de romans, appelés à un immense succès, où l’aventure, la science et le fantastique occupent une place grandissante, en même temps que ses héros s’affirment de plus en plus vigoureusement. On a parfois voulu voir en Jules Verne un misanthrope, un solitaire enfermé dans son œuvre. Mais un tel homme n’aurait jamais pu concevoir le Voyage au centre de la Terre, ni Vingt mille lieues sous les mers, ni tous ces romans exaltant l’amour de la liberté et de l’humanité. Et si, au soir de sa vie, l’écrivain manifeste un certain pessimisme — tempéré d’humour — c’est qu’il a compris, bien avant nous, que si la science pouvait servir l’homme, elle risquait aussi de se retourner contre lui, en lui donnant les armes pour se détruire. Quel est donc le vrai visage de Jules Verne ? C’est ce que veut nous révéler Jean Jules-Verne, petit-fils de l’illustre écrivain. En faisant appel à des souvenirs personnels ou familiaux et à l’aide d’une importante documentation comprenant de nombreuses lettres inédites, Jean Jules-Verne nous offre aujourd’hui un tout nouveau portrait de l’homme, en même temps qu’il fait le point sur maintes questions longtemps controversées au sujet de l’écrivain et de son œuvre. Cet ouvrage capital répondra à l’attente des innombrables lecteurs qui se passionnent pour le plus grand romancier de l’aventure et du fantastique, celui que l’on pourrait nommer « le capitaine Nemo de la littérature ».",558
Jules Verne,L’Invasion de la mer; Jules Verne,2016-09-24,Uncategorized,"M. de Schaller, un ingénieur, est chargé, par une société ""française de la mer Saharienne"", de relancer le projet de l'irrigation du Sahara. Les autochtones, à la tête desquels se sont portés des Touaregs expatriés, lui sont farouchement opposés. Leur chef, Hadjar, vient d'être fait prisonnier et doit être jugé à Tunis mais, grâce à la complicité de sa tribu, de sa mère et de ses frères, il s'évade à temps et rejoint le désert. Attribution - Partage dans les Mêmes Conditions 3.0 non transposé (CC BY-SA 3.0) Bonne lecture",261
Jules Verne,Jules Verne - Voyage au centre de la terre,2015-11-07,Uncategorized,"Voyage au centre de la Terre est un roman de science-fiction, écrit par Jules Verne en 1864. L’action commence en Allemagne à la fin du XIXè siècle : ayant découvert un manuscrit runique ancien, le savant Otto Lidenbrock, son neveu et leur guide décident d’entreprendre un voyage vers le centre de la Terre en y entrant par un volcan islandais éteint…Version audio disponible chez: Musiclittéartmuse.com Donneur de voix : Damien Genevois | Durée : 6h 44min | Genre : Romans.",241
Jules Verne,Deux Ans de vacances; Jules Verne,2017-10-02,Fiction,"Dans l’Île mystérieuse, j’ai mis des savants aux prises avec les nécessités de cette situation. On a imaginé encore le Robinson de douze ans, le Robinson des glaces, le Robinson des jeunes filles, etc. Malgré le nombre infini des romans qui composent le cycle des Robinsons, il m’a paru que, pour le parfaire, il restait à montrer une troupe d’enfants de huit à treize ans, abandonnés dans une île, luttant pour la vie au milieu des passions entretenues par les différences de nationalité, — en un mot, un pensionnat de Robinsons.",588
Jules Verne,Les voyages extraordinaires par Jules Verne,1900-01-01,Uncategorized,No Description Available,218
Edgar Allan Poe,"Les poèmes d'Edgar Poe [; traduction de Stéphane Mallarmé, avec portrait et fleuron par Édouard Manet]",1900-01-01,Fiction,No Description Available,208
Edgar Allan Poe,Oeuvres essentielles d’Edgar Allan Poe,2023-09-23,Fiction,"Ce volume, publié dans le fonds littéraire international Memoria Books, rassemble les œuvres les plus célèbres d’Edgar Allan Poe, traduites par Charles Baudelaire : Les Aventures d’Arthur Gordon Pym, Eurêka ou Essai sur l’univers matériel et spirituel, Histoires extraordinaires, Nouvelles histoires extraordinaires, Histoires grotesques et sérieuses. Un volume qui ravira tous les lecteurs aimant le suspens et le frisson, Edgar Allan Poe étant considéré comme un des précurseurs du genre policier et fantastique. Vous trouverez parmi ces célèbres nouvelles : Le Corbeau, Le Chat noir, Le Masque de la mort rouge, Le scarabée d’or, Double Assassinat dans la rue Morgue, et bien d’autres.",838
Edgar Allan Poe,Derniers Contes,2024-11-05,Fiction,"""Derniers Contes"" d'Edgar Allan Poe rassemble certaines des histoires les plus captivantes et inquiétantes de l'un des maîtres incontestés de la littérature gothique et du fantastique. Ce recueil présente une sélection d'oeuvres qui témoignent de la maîtrise narrative de Poe, ainsi que de sa capacité à explorer les profondeurs de l'âme humaine. Dans ces contes, Poe entraîne le lecteur dans un univers où la frontière entre la réalité et le cauchemar s'efface. Les thèmes récurrents incluent la folie, la mort, le mystère, et le surnaturel. Chaque récit est construit avec une précision narrative qui crée une atmosphère de suspense et de terreur. Parmi les histoires les plus marquantes, on trouve des explorations du subconscient, où les personnages sont souvent pris au piège de leurs propres obsessions et peurs. La prose de Poe, à la fois poétique et sombre, est mise en valeur dans ce recueil qui démontre son talent inégalé pour l'art du récit court. Ces contes, tout en étant ancrés dans une époque spécifique, résonnent encore aujourd'hui par leur exploration intemporelle des aspects les plus sombres de l'humanité.",250
Edgar Allan Poe,Poèmes d'Edgar Allan Poe,1900-01-01,Uncategorized,"Edgar Poe, généralement bien connu du grand public francophone pour ses récits fantastiques, les Histoires extraordinaires, l'est un peu moins pour ses poèmes qui ont pourtant été traduits à de nombreuses reprises, parfois par les plus grands poètes français. Jean Hautepierre a pris le risque de leur succéder en se livrant à cet exercice toujours délicat que constitue la traduction poétique. Il a fait appel à toute sa fibre poétique afin de transcrire, pour notre plus grand plaisir, la musicalité envoûtante et la stricte métrique qui caractérisent les textes originaux. Ce recueil rassemble l'intégralité des poèmes d'Edgar Poe. Le lecteur y trouvera donc des textes célèbres tels que Le Corbeau, qui apporta à l'auteur son premier grand succès, mais aussi des textes moins connus dont il pourra découvrir la beauté. Il découvrira aussi une facette de l'art de Jean Hautepierre, car un traducteur de poésie ne saurait s'acquitter pleinement de sa mission s'il n'était à la fois traducteur et poète.",0
Edgar Allan Poe,Histoires extraordinaires,2015-11-10,Fiction,"Histoires extraordinaires est un recueil de nouvelles écrites par Edgar Allan Poe, puis traduites et réunies sous ce titre par Charles Baudelaire en 1856.",488
Edgar Allan Poe,Nouvelles histoires extraordinaires,2022-12-06,Fiction,"La suite des «Histoires extraordinaires», toujours traduites par Baudelaire et toujours aussi fantastiques.",296
Edgar Allan Poe,Nouvelles histoires extraordinaires,2016-01-06,Fiction,"Edgar Allan Poe (1809-1849) Du grotesque à la philosophie, en passant par l'aventure, ces 23 nouvelles, réunies et traduites par Charles Baudelaire, nous poussent aux limites de tout : la Mort... la Mort que l'on retrouve à chaque détour du livre... la Mort sous tous les points de vue... la Mort, hantise d'Edgar Allan Poe. C'est en 1856, que Charles Baudelaire fit paraître ces nouvelles histoires chez ""Michel Lévy frères"".",420
Edgar Allan Poe,Poèmes d'Edgar Allan Poe,1900-01-01,Uncategorized,No Description Available,206
Edgar Allan Poe,Derniers Contes,2024-03-09,Fiction,""" La vie d’Edgar Allan Poe n’est plus à raconter : ses derniers traducteurs français, s’inspirant des travaux définitifs de son nouvel éditeur J.H. Ingram, l’ont éloquemment vengé des calomnies trop facilement acceptées sur la foi de son ami et exécuteur testamentaire, Rufus Griswold. En dépit de ses mensonges, Edgar Poe reste pour nous et restera pour la postérité, de plus en plus admiratrice de son génie, ce que l’a si bien défini notre Baudelaire : « Ce n’est pas par ses miracles matériels, qui pourtant ont fait sa renommée, qu’il lui sera donné de conquérir l’admiration des gens qui pensent, c’est par son amour du Beau, par sa connaissance des conditions harmoniques de la beauté, par sa poésie profonde et plaintive, ouvragée néanmoins, transparente et correcte comme un bijou de cristal, — par son admirable style, pur et bizarre, — serré comme les mailles d’une armure, — complaisant et minutieux, — et dont la plus légère intention sert à pousser doucement le lecteur vers un but voulu, — et enfin surtout par ce génie tout spécial, par ce tempérament unique, qui lui a permis de peindre et d’expliquer d’une manière impeccable, saisissante, terrible, l’exception dans l’ordre moral. — Diderot, pour prendre un exemple entre cent, est un auteur sanguin ; Poe est l’écrivain des nerfs, et même de quelque chose de plus — et le meilleur que je connaisse. » Ajoutons que ce fut une bonne fortune exceptionnelle pour Edgar Poe de rencontrer un traducteur tel que Baudelaire, si bien fait par les tendances de son propre esprit pour comprendre son génie, et le rendre dans un style qui a toutes les qualités de son modèle. """,198
Edgar Allan Poe,La Lettre volée,2023-01-17,Fiction,"La Lettre volée (« The Purloined Letter » dans l'édition originale) est une nouvelle d'Edgar Allan Poe, parue en décembre 1844. On retrouve dans cette nouvelle le chevalier Auguste Dupin, apparu dans Double Assassinat dans la rue Morgue. Résumé Le détective Auguste Dupin est informé par G..., le préfet de police de Paris, qu'une lettre de la plus haute importance a été volée dans le boudoir royal. Le moment précis du vol et le voleur, D..., sont connus du policier, mais celui-ci est dans l'incapacité d'accabler le coupable. Malgré des fouilles extrêmement minutieuses effectuées au domicile du voleur, G... n'a en effet pas pu retrouver la lettre. Mettre la main sur cette dernière est pourtant d'une grande importance, car son possesseur se retrouve en mesure d'exercer des pressions sur le membre de la famille royale à qui il l'a dérobée. G... en vient donc à demander l'aide de Dupin. Quelques semaines plus tard, Dupin restitue la lettre au préfet. Il explique alors au narrateur comment certains principes simples lui ont permis de retrouver la lettre. Comme dans Double assassinat dans la rue Morgue, La Lettre volée met en scène Dupin et ses célèbres facultés d'analyse. La réflexion logique est au centre de la nouvelle, et toute une part de l'intrigue s'appuie sur les difficultés à trouver une solution rationnelle à la disparition de la lettre. Lors de sa visite à Dupin, G... explique les raisonnements qui lui ont permis de découvrir l'identité du voleur, D..., et ceux qui lui ont permis de déduire que la lettre était toujours en sa possession, cachée quelque part dans son domicile. En dépit de ses certitudes, G... n'est pourtant pas parvenu à récupérer l'objet : le mystère, pour lui, résulte donc de cette incapacité à obtenir des résultats malgré la possession d'éléments suffisants, en principe, pour réussir. Si Dupin réussit, lui, à résoudre cette apparente contradiction, c'est parce qu'il a su raisonner autrement que le policier, dont les déductions, pour justes qu'elles soient, n'ont pas suffi à résoudre l'affaire. G... a en vain cherché la lettre en la supposant cachée : il a sondé tous les espaces pouvant abriter une lettre qu'on aurait voulu dissimuler. Dupin comprend lui que si G... a échoué, c'est que la lettre volée a volontairement été mise en évidence par le criminel. Loin d'être rangé dans un endroit secret, le billet est en évidence dans le bureau du coupable : la lettre a été froissée, maquillée d'un autre sceau et d'une autre écriture après avoir été pliée à l'envers. Si elle n'attire pas l'attention c'est qu'elle semble sans valeur, ordinaire.",32
Leo Tolstoy,"La guerre et la paix, Tome I de graf Leo Tolstoy",2024-08-12,Fiction,"Bienvenue dans le monde épique de ""Guerre et Paix, Tome I"" de Léon Tolstoï, où les destins se croisent sur fond de conflit et de romance, offrant un regard saisissant sur la Russie impériale du XIXe siècle. Plongez dans cette œuvre monumentale où les tumultes de la guerre se mêlent aux intrigues de la haute société, créant un tableau vivant de la vie en temps de crise. Tolstoï, avec sa prose magistrale, tisse une toile complexe de personnages et d'événements, capturant l'essence même de l'histoire russe. Suivez les destins entrelacés des familles nobles et des soldats sur les champs de bataille alors que la Russie lutte contre l'invasion de Napoléon. À travers les yeux de ses personnages, Tolstoï explore les dilemmes moraux, les passions ardentes et les luttes intérieures qui définissent l'expérience humaine même dans les moments les plus tumultueux de l'histoire. Plongez dans les salons opulents de Saint-Pétersbourg et dans les champs de bataille dévastés par la guerre, où l'héroïsme et la tragédie se côtoient dans un ballet envoûtant. Avec une profondeur psychologique inégalée, Tolstoï donne vie à une galerie de personnages inoubliables, dont les luttes et les triomphes résonnent à travers les âges. Découvrez les thèmes universels de l'amour, de la mort, du pouvoir et de la destinée dans ce récit magistral qui transcende les frontières de la littérature et de l'histoire. Tolstoï offre une réflexion profonde sur la nature de l'humanité et les forces qui façonnent notre destin collectif, invitant les lecteurs à méditer sur les grandes questions de la vie et de la mort. Depuis sa publication, ""Guerre et Paix, Tome I"" a été salué comme l'un des plus grands chefs-d'œuvre de la littérature mondiale, captivant les lecteurs par sa portée épique et sa profondeur intellectuelle. Que vous soyez passionné par l'histoire, la philosophie ou simplement par une bonne histoire, ce livre vous transportera dans un voyage inoubliable à travers le cœur de la Russie impériale. Ne manquez pas cette chance de plonger dans l'univers fascinant de ""Guerre et Paix, Tome I"" de Léon Tolstoï. Laissez-vous emporter par ses personnages captivants, ses réflexions profondes et son récit magistral. Commandez votre exemplaire dès maintenant et embarquez pour une aventure littéraire qui vous marquera pour toujours.",416
Leo Tolstoy,La Guerre Et La Paix; Volume 2,2023-07-18,Uncategorized,"Plongez dans l'univers captivant de Leo Tolstoy avec La Guerre et la Paix. Découvrez les tourments de l'âme humaine, les affres de la guerre et les joies simples de la vie quotidienne en Russie au XIXe siècle. Un chef-d'oeuvre de la littérature mondiale à découvrir ou à redécouvrir absolument. This work has been selected by scholars as being culturally important, and is part of the knowledge base of civilization as we know it. This work is in the ""public domain in the United States of America, and possibly other nations. Within the United States, you may freely copy and distribute this work, as no entity (individual or corporate) has a copyright on the body of the work. Scholars believe, and we concur, that this work is important enough to be preserved, reproduced, and made generally available to the public. We appreciate your support of the preservation process, and thank you for being an important part of keeping this knowledge alive and relevant.",0
Leo Tolstoy,La Guerre Et La Paix,2017-05-31,Uncategorized,"La guerre et la paix, Tome III by graf Leo Tolstoy",348
Leo Tolstoy,La Guerre Et La Paix,2017-05-31,Uncategorized,"La guerre et la paix, Tome I by graf Leo Tolstoy",418
Leo Tolstoy,Leo Tolstoy's 20 Greatest Short Stories Annotated,1900-01-01,Fiction,"""Anna Karenina"" and ""War and Peace"" branded Tolstoy as one of the greatest writers in modern history. Few, however, have read his wonderful short stories. Now, in one collection, are the 20 greatest short stories of Leo Tolstoy, which give a snapshot of Russia and its people in the late nineteenth century. A fine introduction is given by Andrew Barger. Annotations are included of difficult Russian terms. There is also a Tolstoy biography at the start of the book with photos of Tolstoy's relatives. The stories include: A Candle, After the Dance, Albert, Alyosha the Pot, An Old Acquaintance, Does a Man Need Much Land?, If You Neglect the Fire You Don't Put It Out, Khodinka: An Incident of the Coronation of Nicholas II, Lucerne, Memoirs of a Lunatic, My Dream, Recollections of a Scorer, The Empty Drum, The Long Exile, The Posthumous Papers of the Hermit Fedor Kusmich, The Young Tsar, There Are No Guilty People, Three Deaths, Two Old Men, and What Men Live By. Read the 20 greatest short stories of Leo Tolstoy Today!",395
Leo Tolstoy,Selected Stories of Leo Tolstoy,2014-11-01,Fiction,"Selected Stories of Leo Tolstoy by Leo Tolstoy: Immerse yourself in the literary brilliance of Leo Tolstoy with this selection of his most captivating short stories. From ""The Death of Ivan Ilyich"" to ""The Kreutzer Sonata,"" Tolstoy's narratives offer profound insights into the human soul, morality, and the complexities of life. As one of the greatest Russian writers, Tolstoy's stories continue to resonate with readers around the world. Key Aspects of the Book ""Selected Stories of Leo Tolstoy"": Human Psychology: Tolstoy's stories delve into the depths of human emotions, presenting realistic and deeply human characters. Moral Dilemmas: The narratives raise profound moral questions and invite readers to contemplate the ethical choices faced by the characters. Russian Realism: As a prominent figure in Russian literature, Tolstoy's works exemplify the principles of realism and offer a window into 19th-century Russia. Leo Tolstoy was a Russian novelist and philosopher acclaimed for his monumental novels ""War and Peace"" and ""Anna Karenina."" Born in 1828, Tolstoy's works reflect his exploration of existential questions, spirituality, and the human condition. His short stories, including those featured in ""Selected Stories of Leo Tolstoy,"" demonstrate his skill in capturing the complexities of human nature and remain essential components of the literary canon.",68
Leo Tolstoy,"The Complete Works of Leo Tolstoy: Novels, Short Stories, Plays, Memoirs, Letters & Essays on Art, Religion and Politics",2016-04-05,Literary Collections,"This carefully crafted ebook: ""The Complete Works of Leo Tolstoy: Novels, Short Stories, Plays, Memoirs, Letters & Essays on Art, Religion and Politics"" is formatted for your eReader with a functional and detailed table of contents. Introduction Leo Tolstoy: Short Biography Novels Anna Karenina War and Peace The Death of Ivan Ilyich Childhood Boyhood Youth The Cossacks Resurrection Family Happiness The Kreutzer Sonata The Forged Coupon Hadji Murad The Snow-Storm The Dekabrists A Morning of a Landed Proprietor Short Stories After the Dance Alyosha the Pot My Dream There Are No Guilty People The Young Tsar A Lost Opportunity ""Polikushka"" The Candle Twenty-Three Tales Sevastopol Sketches Master and Man Father Sergius A Russian Proprietor and Other Stories An Old Acquaintance Fables and Stories for Children Stories from Physics Stories from Zoology Stories from Botany Texts for Chapbook Illustrations Stories from the New Speller Diary of a Lunatic The Devil Recollections of a Billiard-Marker Three Parables The Cutting of a Forest Yermak, the Conqueror of Siberia Two Hussars Albert Nikolai Palkin and Other Stories Scenes from Common Life Meeting a Moscow Acquaintance at the Front Memoirs of a Marker From the Memoirs of Prince D. Nekhlyudov Domestic Happiness My Husband and I Who Should Learn Writing of Whom? Plays The Power of Darkness The First Distiller Fruits of Culture The Live Corpse The Cause of it All The Light Shines in Darkness Letters and Memoirs Correspondences with Gandhi A Letter to a Hindu Letter to Ernest Howard Crosby Letters to His Son Ilia Letters to Acquaintances The First Step Early Days The Beginning of the End Three Days in the Village The Demands of Love Last Will and Testament Last Message to Mankind... On Religion What I Believe The Gospel in Brief A Confession The Kingdom of God Is within You Christianity and Patriotism Reason and Religion 'Thou Shalt Not Kill' Two Wars Church and State Reply to Critics... On Art and Literature ...",6705
Leo Tolstoy,Monsieur le Comte,1900-01-01,Authors,No Description Available,280
Leo Tolstoy,The Works of Leo Tolstoy,1900-01-01,Uncategorized,No Description Available,0
Leo Tolstoy,"La guerre et la paix, Tome II",2024-09-20,Fiction,"La guerre et la paix, Tome II by graf Leo Tolstoy is the second volume of the epic novel that delves into the tumultuous era of the Napoleonic Wars and its impact on Russian society. This volume continues the intricate narrative of personal and historical upheaval, weaving together the lives of its richly developed characters. The novel explores themes of conflict, love, and resilience as Tolstoy examines the effects of war on both individuals and society. Through detailed character studies and vivid descriptions, La guerre et la paix, Tome II offers profound insights into the human experience during one of history's most significant periods. La guerre et la paix, Tome II is acclaimed for its narrative complexity and philosophical depth. Tolstoy’s portrayal of historical events and personal struggles captures the essence of the human condition and the challenges of a world in flux. For readers interested in historical fiction and profound literary exploration, La guerre et la paix, Tome II is a captivating continuation of Tolstoy's magnum opus. Its compelling story and rich thematic content make it a valuable addition to any literary collection.",337
George Orwell,1984,1900-01-01,Fiction,Traduction nouvelle,295
George Orwell,George Orwell - Les deux chefs-d'oeuvre,2019-01-22,Fiction,"Ce roman commence par un rêve dont le contenu évoque la prise en charge de leur destin par les animaux, eux-mêmes un jour les animaux, animés par les idéaux d'un vieux cochon dénommé Sage l'Ancien, décident de se révolter contre leur maître, M. Jones, dans l'espoir de mener une vie autonome dans l'égalité, l'entraide et la paix pour tous. La ferme est passée sous le contrôle des animaux. Elle est, dés lors, gérée dans le respect des sept commandements qui prônent le pacifisme tout en définissant les spécificités des animaux, présentées comme une richesse. L'ennemi est clairement désigné l'homme doit disparaître du lieu et une cohésion doit se créer entre les bêtes et se renforcer autour de cette menace. Très rapidement, les cochons forment une élite et sont amenés à prendre le pouvoir, asservissant les autres animaux. Ils utilisent leur intelligence supérieure pour manipuler leurs craintes et modifier le passé à leur avantage. Les idéaux sont très vite dénaturés, les principes généreux insensiblement dévoyés. Un dictateur émerge, chasse son principal rival, puis exécute les « traîtres » pour asseoir son pouvoir de plus en plus hégémonique. Il instaure un culte de la personnalité, maintient ses congénères en état de soumission et les épuise par un travail harassant. L'histoire se passe à Londres en 1984, comme l'indique le titre du roman. Le monde, depuis les grandes guerres nucléaires des années 1950, est divisé en trois grands « blocs » l'Océania (Amériques, îles de l'Atlantique, comprenant notamment les îles Anglo-Celtes, Océanie et Afrique australe), l'Eurasia (reste de l'Europe et URSS) et l'Estasia (Chine et ses contrées méridionales, îles du Japon, et une portion importante mais variable de la Mongolie, de la Mandchourie et du Tibet5) qui sont en guerre perpétuelle les uns contre les autres. Ces trois grandes puissances sont dirigées par différents régimes totalitaires revendiqués comme tels, et s'appuyant sur des idéologies nommées différemment mais fondamentalement similaires: l'Angsoc (ou « socialisme anglais ») pour l'Océania, le « néo-bolchévisme » pour l'Eurasia et le « culte de la mort » (ou « oblitération du moi ») pour l'Estasia. Tous ces partis sont présentés comme communistes avant leur montée au pouvoir, jusqu'à ce qu'ils deviennent des régimes totalitaires et relèguent les prolétaires qu'ils prétendaient défendre au bas de la pyramide sociale.",368
George Orwell,"Bibliocollège - La Ferme des Animaux, G. Orwell",2023-03-22,Study Aids,"M. Jones est un fermier qui néglige ses bêtes. Sous la plume fantaisiste de George Orwell, ces dernières se révoltent et le chassent. La Ferme du Manoir est alors renommée « Ferme des Animaux » et l’on peint sur la grange un commandement qui a force de loi : « TOUS LES ANIMAUX SONT ÉGAUX. » « Vive les quatre pattes ! À bas les deux pattes ! » bêlent à tout propos les moutons heureux. Mais le rêve n’a qu’un temps... En effet, les cochons, intelligents mais sans pitié, prennent petit à petit le pouvoir, et Napoléon, le plus tyrannique d’entre eux, finit par régner en maître absolu sur un peuple d’esclaves. Si ce pamphlet tout en finesse vise d’abord l’utopie soviétique, il éclaire encore aujourd’hui les idéaux et les réalités de nos sociétés, leurs valeurs et leurs dérives. Toutes les clés pour comprendre l’œuvre et le thème associé Avant de lire les œuvres • L’essentiel sur l’auteur • Le contexte d’écriture de l’œuvre Au fil de l’œuvre • Des questionnaires sur les passages clés : compréhension et étude de la langue • L’enregistrement audio de ces extraits lus par un comédien Le dossier BIBLIOCOLLÈGE • L’essentiel sur l’œuvre • La structure de l’œuvre • Les personnages de l’œuvre • Le genre de l’œuvre • L’œuvre dans l’histoire des arts • Des films, des documents et des livres associés à l’œuvre Le GROUPEMENT DE TEXTES Thème : De l’utopie à la contre-utopie",223
George Orwell,Sommes-nous ce que nous disons ?,2023-03-15,Literary Criticism,"« Notre langue devient laide et imprécise parce que notre pensée est abrutie, lequel abrutissement est lui-même facilité par la négligence dont souffre notre langue. » George Orwell n’épargne aucun de nos travers langagiers en fustigeant la dégradation des usages chez les politiques, en littérature ou dans nos conversations quotidiennes. Grâce à nombre d’exemples éloquents, il nous enjoint à résister à la vacuité du langage préfabriqué. Traduit de l’anglais (Grande-Bretagne) par Charles Recoursé",36
George Orwell,1984,2020-11-04,Fiction,"1984, le chef-d’œuvre de George Orwell, fait partie des plus grands textes du xxème siècle. Les lecteurs de tous âges connaissent Big Brother et Winston Smith, car plus qu’un roman politique et dystopique, 1984 a nourri notre imaginaire sans jamais perdre de son actualité. L’atmosphère envoûtante et le dessin aux teintes fantastiques de l’illustrateur brésilien Fido Nesti, alliés à la modernité de la traduction de Josée Kamoun, nous offrent aujourd’hui une somptueuse édition de 1984, la première version graphique du texte mythique d’Orwell. Il s'agit d’un des événements éditoriaux les plus attendus de l’année à travers le monde. Traduit l'anglais par Josée Kamoun",226
George Orwell,Mil neuf cent quatre-vingt-quatre,1900-01-01,Fiction,Nouvelle traduction,352
George Orwell,Sommes-nous ce que nous lisons ?,2022-04-13,Literary Criticism,"« C’est lorsqu’on commence à entretenir une relation professionnelle avec les livres que l’on découvre à quel point ils sont généralement mauvais. » Ce recueil inédit présente quatre textes sur le livre et la lecture écrits par l’auteur de 1984. Nourri de ses expériences de lecteur, de critique littéraire et de libraire, George Orwell y déploie son génie visionnaire allié à un humour ravageur. Traduit de l’anglais (Grande-Bretagne) par Charles Recoursé",49
George Orwell,La Ferme des animaux de George Orwell (fiche de lecture et analyse complète de l'oeuvre),2019-10-22,Uncategorized,"Venez découvrir le roman de George Orwell grâce à une analyse littéraire de référence ! Écrite par un spécialiste universitaire, cette fiche de lecture est recommandée par de nombreux enseignants. Cet ouvrage contient la biographie de l'écrivain, le résumé détaillé, le mouvement littéraire, le contexte de publication de l'oeuvre et l'analyse complète. Retrouvez tous nos titres sur: www.fichedelecture.fr.",42
George Orwell,1984,2021-06-01,Fiction,"Écrit en 1948, publié en 1949, le célèbre 1984 de George Orwell n’est jamais tombé dans les oubliettes de la littérature ; au contraire, il s’est affirmé au fil du temps comme l’un des principaux monuments de la littérature mondiale du vingtième siècle. Mieux : une bible romanesque dénonçant les régimes autoritaires. Londres, 1984. Dans un monde ternaire (Eurasia, Estasia, Océania) où la liberté d'expression est bannie, où le passé est revisité pour être conforme à la pensée du Parti, Winston, employé du ministère de la Vérité en Océania, est chargé de veiller à ce que les traces de l'alliance passée entre l'Océania et l'Estasia n'existent plus. Mais cette amnésie fabriquée lui pèse de plus en plus, les mensonges du Parti le minent, le rongent... Dans ce monde où le plaisir est banni, où les relations sont contrôlées, il rencontre Julia, avec qui il va tenter subrepticement la dissidence... JDH Éditions présente sa version française du chef-d'œuvre d'Orwell. Traduit par Clémentine Vacherie, préfacé par Jean-David Haddad, professeur agrégé de Sciences économiques et sociales, auteur et éditeur, il est publié dans Les Atemporels, une collection qui réunit des œuvres qui ne vieillissent pas, qui ont une date de publication mais pas de date de péremption. Car elles seront encore lues et relues dans un siècle. Cette version inclut la traduction française du ""Novlang"" : la langue imaginée par Orwell. Collection Les Atemporels.",318
George Orwell,La ferme des animaux,2021-09-17,Fiction,"La Ferme des animaux (titre original : Animal Farm. A Fairy Story) est un roman court de George Orwell, publié en 1945. Découpé en dix chapitres, il décrit une ferme dans laquelle les animaux se révoltent, prennent le pouvoir et chassent les hommes. Il s'agit d'un apologue écrit sous la forme d'une fable animalière, mais également d'une dystopie. Dans ce roman, Orwell propose une satire de la Révolution russe et une critique du régime soviétique, en particulier du stalinisme, et au-delà, des régimes autoritaires et du totalitarisme. Le livre figure dans la liste des cent meilleurs romans de langue anglaise écrits de 1923 à 2005 par le magazine Time.",100
